nm,cc,qid,label
AS Monaco,FRA,Q180305,AS Monaco FC
Wimbledon,ENG,Q19482,Wimbledon F.C.
Abderden,SCO,Q187326,Aberdeen F.C.
Basel,SUI,Q189671,FC Basel
Bayer 05 Uerdingen,GER,Q157464,KFC Uerdingen 05
Bury,ENG,Q19573,Bury F.C.
CDNA Sofia,BUL,Q136433,PFC CSKA Sofia
Campomaiorense,POR,Q630227,S.C. Campomaiorense
Desp. Chaves,POR,Q543467,G.D. Chaves
Est Amadora,POR,Q838134,C.F. Estrela da Amadora
Famalicao,POR,Q1387105,FC Famalicão
Guimaraes,POR,Q223450,Vitória S.C.
Leiria,POR,Q211401,U.D. Leiria
Santa Clara,POR,Q740637,C.D. Santa Clara
Sp Braga,POR,Q75684,S.C. Braga
Sp Lisbon,POR,Q75729,Sporting CP
FC Den Bosch '67,NED,Q875169,FC Den Bosch
FC Den Haag-ADO,NED,Q24904,ADO Den Haag
Heracles,NED,Q11961,Heracles Almelo
SBV Haarlem,NED,Q854141,HFC Haarlem
GVAV Groningen,NED,Q24711,FC Groningen
Groninger VAV,NED,Q24711,FC Groningen
Rapid JC Heerlen,NED,Q24719,Roda JC Kerkrade
Koln,GER,Q104770,1. FC Köln
Nurnberg,GER,Q15786,1. FC Nürnberg
Nantes,FRA,Q192071,FC Nantes
Parma AC,ITA,Q2693,Parma Calcio 1913
Pro Patria,ITA,Q777337,Aurora Pro Patria 1919
Spartak TAZ Trnava,SVK,Q459218,FC Spartak Trnava
Dnepr Dnepropetrovsk,UKR,Q175687,FC Dnipro
FC Ararat,ARM,Q332702,FC Ararat Yerevan
