s,club,qid,cc,e
2017,Real Madrid,Q8682,ESP,6
2017,Liverpool,Q1130849,ENG,4
2017,Bayern Munich,Q15789,GER,3
2017,AS Roma,Q2739,ITA,3
2017,Juventus,Q1422,ITA,2
2017,Barcelona,Q7156,ESP,2
2017,Manchester City,Q50602,ENG,2
2017,Sevilla,Q10329,ESP,2
2018,Liverpool,Q1130849,ENG,6
2018,Tottenham Hotspur,Q18741,ENG,4
2018,Barcelona,Q7156,ESP,3
2018,Ajax,Q81888,NED,3
2018,Manchester United,Q18656,ENG,2
2018,Juventus,Q1422,ITA,2
2018,Manchester City,Q50602,ENG,2
2018,Porto,Q128446,POR,2
2019,Bayern Munich,Q15789,GER,6
2019,Paris Saint-Germain,Q483020,FRA,4
2019,Lyon,Q704,FRA,3
2019,RB Leipzig,Q702455,GER,3
2019,Barcelona,Q7156,ESP,2
2019,Manchester City,Q50602,ENG,2
2019,Atalanta,Q1886,ITA,2
2019,Atletico Madrid,Q8701,ESP,2
2020,Chelsea,Q9616,ENG,6
2020,Manchester City,Q50602,ENG,4
2020,Real Madrid,Q8682,ESP,3
2020,Paris Saint-Germain,Q483020,FRA,3
2020,Bayern Munich,Q15789,GER,2
2020,Liverpool,Q1130849,ENG,2
2020,Borussia Dortmund,Q41420,GER,2
2020,Porto,Q128446,POR,2
2021,Real Madrid,Q8682,ESP,6
2021,Liverpool,Q1130849,ENG,4
2021,Manchester City,Q50602,ENG,3
2021,Villarreal,Q12297,ESP,3
2021,Chelsea,Q9616,ENG,2
2021,Bayern Munich,Q15789,GER,2
2021,Benfica,Q131499,POR,2
2021,Atletico Madrid,Q8701,ESP,2
2022,Manchester City,Q50602,ENG,6
2022,Inter,Q631,ITA,4
2022,Real Madrid,Q8682,ESP,3
2022,AC Milan,Q1543,ITA,3
2022,Bayern Munich,Q15789,GER,2
2022,Napoli,Q2641,ITA,2
2022,Benfica,Q131499,POR,2
2022,Chelsea,Q9616,ENG,2
2023,Real Madrid,Q8682,ESP,6
2023,Borussia Dortmund,Q41420,GER,4
2023,Bayern Munich,Q15789,GER,3
2023,Paris Saint-Germain,Q483020,FRA,3
2023,Manchester City,Q50602,ENG,2
2023,Arsenal,Q9617,ENG,2
2023,Atletico Madrid,Q8701,ESP,2
2023,Barcelona,Q7156,ESP,2
2024,Paris Saint-Germain,Q483020,FRA,6
2024,Inter,Q631,ITA,4
2024,Barcelona,Q7156,ESP,3
2024,Arsenal,Q9617,ENG,3
2024,Bayern Munich,Q15789,GER,2
2024,Borussia Dortmund,Q41420,GER,2
2024,Aston Villa,Q18711,ENG,2
2024,Real Madrid,Q8682,ESP,2
