lg,s,club,W,Dr,L,GF,GA,source
ENG,2022,Manchester City,28,5,5,94,33,Wikipedia 2022-23 Premier League final table (retrieved 2026-10-08)
ENG,2022,Arsenal,26,6,6,88,43,Wikipedia 2022-23 Premier League final table (retrieved 2026-10-08)
ENG,2022,Manchester United,23,6,9,58,43,Wikipedia 2022-23 Premier League final table (retrieved 2026-10-08)
ENG,2022,Newcastle United,19,14,5,68,33,Wikipedia 2022-23 Premier League final table (retrieved 2026-10-08)
ENG,2022,Liverpool,19,10,9,75,47,Wikipedia 2022-23 Premier League final table (retrieved 2026-10-08)
ENG,2022,Brighton & Hove Albion,18,8,12,72,53,Wikipedia 2022-23 Premier League final table (retrieved 2026-10-08)
ENG,2022,Aston Villa,18,7,13,51,46,Wikipedia 2022-23 Premier League final table (retrieved 2026-10-08)
ENG,2022,Tottenham Hotspur,18,6,14,70,63,Wikipedia 2022-23 Premier League final table (retrieved 2026-10-08)
ENG,2022,Brentford,15,14,9,58,46,Wikipedia 2022-23 Premier League final table (retrieved 2026-10-08)
ENG,2022,Fulham,15,7,16,55,53,Wikipedia 2022-23 Premier League final table (retrieved 2026-10-08)
ENG,2022,Crystal Palace,11,12,15,40,49,Wikipedia 2022-23 Premier League final table (retrieved 2026-10-08)
ENG,2022,Chelsea,11,11,16,38,47,Wikipedia 2022-23 Premier League final table (retrieved 2026-10-08)
ENG,2022,Wolverhampton Wanderers,11,8,19,31,58,Wikipedia 2022-23 Premier League final table (retrieved 2026-10-08)
ENG,2022,West Ham United,11,7,20,42,55,Wikipedia 2022-23 Premier League final table (retrieved 2026-10-08)
ENG,2022,AFC Bournemouth,11,6,21,37,71,Wikipedia 2022-23 Premier League final table (retrieved 2026-10-08)
ENG,2022,Nottingham Forest,9,11,18,38,68,Wikipedia 2022-23 Premier League final table (retrieved 2026-10-08)
ENG,2022,Everton,8,12,18,34,57,Wikipedia 2022-23 Premier League final table (retrieved 2026-10-08)
ENG,2022,Leicester City,9,7,22,51,68,Wikipedia 2022-23 Premier League final table (retrieved 2026-10-08)
ENG,2022,Leeds United,7,10,21,48,78,Wikipedia 2022-23 Premier League final table (retrieved 2026-10-08)
ENG,2022,Southampton,6,7,25,36,73,Wikipedia 2022-23 Premier League final table (retrieved 2026-10-08)
FRA,1994,FC Nantes,21,16,1,71,34,Wikipedia 1994-95 French Division 1 final table (retrieved 2026-10-08)
FRA,1994,Olympique Lyon,19,12,7,56,38,Wikipedia 1994-95 French Division 1 final table (retrieved 2026-10-08)
FRA,1994,Paris Saint-Germain,20,7,11,58,41,Wikipedia 1994-95 French Division 1 final table (retrieved 2026-10-08)
FRA,1994,AJ Auxerre,15,17,6,59,34,Wikipedia 1994-95 French Division 1 final table (retrieved 2026-10-08)
FRA,1994,RC Lens,15,14,9,48,44,Wikipedia 1994-95 French Division 1 final table (retrieved 2026-10-08)
FRA,1994,AS Monaco,15,12,11,60,39,Wikipedia 1994-95 French Division 1 final table (retrieved 2026-10-08)
FRA,1994,Girondins Bordeaux,16,9,13,52,47,Wikipedia 1994-95 French Division 1 final table (retrieved 2026-10-08)
FRA,1994,FC Metz,16,8,14,50,44,Wikipedia 1994-95 French Division 1 final table (retrieved 2026-10-08)
FRA,1994,AS Cannes,15,8,15,56,48,Wikipedia 1994-95 French Division 1 final table (retrieved 2026-10-08)
FRA,1994,RC Strasbourg,13,12,13,43,43,Wikipedia 1994-95 French Division 1 final table (retrieved 2026-10-08)
FRA,1994,FC Martigues,13,12,13,37,49,Wikipedia 1994-95 French Division 1 final table (retrieved 2026-10-08)
FRA,1994,Le Havre AC,12,13,13,46,49,Wikipedia 1994-95 French Division 1 final table (retrieved 2026-10-08)
FRA,1994,Stade Rennes,12,12,14,53,55,Wikipedia 1994-95 French Division 1 final table (retrieved 2026-10-08)
FRA,1994,Lille OSC,13,9,16,29,44,Wikipedia 1994-95 French Division 1 final table (retrieved 2026-10-08)
FRA,1994,SC Bastia,11,11,16,44,56,Wikipedia 1994-95 French Division 1 final table (retrieved 2026-10-08)
FRA,1994,OGC Nice,11,10,17,39,52,Wikipedia 1994-95 French Division 1 final table (retrieved 2026-10-08)
FRA,1994,Montpellier HSC,9,14,15,38,53,Wikipedia 1994-95 French Division 1 final table (retrieved 2026-10-08)
FRA,1994,AS Saint-Etienne,9,11,18,45,55,Wikipedia 1994-95 French Division 1 final table (retrieved 2026-10-08)
FRA,1994,SM Caen,10,6,22,38,58,Wikipedia 1994-95 French Division 1 final table (retrieved 2026-10-08)
FRA,1994,FC Sochaux,6,5,27,29,68,Wikipedia 1994-95 French Division 1 final table (retrieved 2026-10-08)
